"","stratid","psuid","weight","nh","Nh","x"
"1",1,1,3,5,15,2.79999995231628
"2",1,2,3,5,15,4.09999990463257
"3",1,3,3,5,15,6.80000019073486
"4",1,4,3,5,15,6.80000019073486
"5",1,5,3,5,15,9.19999980926514
"6",2,1,4,3,12,3.70000004768372
"7",2,2,4,3,12,6.59999990463257
"8",2,3,4,3,12,4.19999980926514
