,cluster,region,psu_prob
6,7,North,0.18772563176895307
9,10,North,0.8664259927797834
15,16,South,0.20917431192660552
23,24,South,0.08256880733944955
28,29,South,0.22018348623853212
33,34,East,0.21058688147295743
44,45,East,0.31070195627157654
51,52,East,0.48331415420023016
63,64,West,0.09167303284950344
85,86,West,0.0855614973262032
